{
    "scenarios": [
        "baseline",
        "high_quarantine",
        "high_vaccination",
        "high_both",
        "low_both"
    ],
    "summary_metrics": {
        "total_deaths": [
            26.411344901659334,
            19.841793006387654,
            8.143062215033103,
            1.0327772174259164,
            29.046119634821068
        ],
        "peak_daily_deaths": [
            0.4058900686165434,
            0.24834580631839104,
            0.07035106066838673,
            0.005587130921109844,
            0.478608444096755
        ],
        "infection_fatality_ratio": [
            28.657595923799605,
            24.535373915440083,
            21.324631822768595,
            15.73457666429314,
            29.329850061881917
        ],
        "years_of_life_lost": [
            559.6932369681497,
            453.9498671997183,
            199.7186352349864,
            27.59894189500763,
            607.6011926174347
        ]
    }
}