{
    "age_groups": {
        "0-19": {
            "total_deaths": 0.021321590603655096,
            "peak_daily_deaths": 0.00026478035929219994,
            "average_viral_load": 0.7102483903710544,
            "case_fatality_rate": 0.08528636241462038,
            "mortality_rate": 0.0002,
            "viral_load_sensitivity": 1.2,
            "total_infected": 4.534082830830749e-09,
            "peak_infected": 1.055147582916176,
            "infection_fatality_ratio": 470251457.6635665,
            "time_to_peak_deaths": 15.855855855855856,
            "mortality_rate_per_100k": 21.321590603655096,
            "years_of_life_lost": 1.5031721375576843
        },
        "20-39": {
            "total_deaths": 0.16301393641131326,
            "peak_daily_deaths": 0.0019529434129219887,
            "average_viral_load": 0.7102483903202934,
            "case_fatality_rate": 0.5433797880377109,
            "mortality_rate": 0.001,
            "viral_load_sensitivity": 1.8,
            "total_infected": 9.114390214962017e-08,
            "peak_infected": 1.086386654254181,
            "infection_fatality_ratio": 178853365.46564853,
            "time_to_peak_deaths": 15.675675675675675,
            "mortality_rate_per_100k": 163.01393641131327,
            "years_of_life_lost": 8.23220378877132
        },
        "40-59": {
            "total_deaths": 0.4575194665643486,
            "peak_daily_deaths": 0.005587130921109844,
            "average_viral_load": 0.7102483903202934,
            "case_fatality_rate": 1.8300778662573944,
            "mortality_rate": 0.005,
            "viral_load_sensitivity": 2.5,
            "total_infected": 5.1663830376243264e-08,
            "peak_infected": 0.4499755392019388,
            "infection_fatality_ratio": 885570162.3988204,
            "time_to_peak_deaths": 15.135135135135135,
            "mortality_rate_per_100k": 457.5194665643486,
            "years_of_life_lost": 13.954343730212633
        },
        "60+": {
            "total_deaths": 0.39092222384659936,
            "peak_daily_deaths": 0.004320089981720227,
            "average_viral_load": 0.7102483903202934,
            "case_fatality_rate": 1.9546111192329967,
            "mortality_rate": 0.02,
            "viral_load_sensitivity": 3.5,
            "total_infected": 7.042801852628784e-10,
            "peak_infected": 0.2,
            "infection_fatality_ratio": 55506633869.11623,
            "time_to_peak_deaths": 13.693693693693692,
            "mortality_rate_per_100k": 390.92222384659937,
            "years_of_life_lost": 3.9092222384659934
        }
    },
    "summary": {
        "total_deaths": 1.0327772174259164,
        "peak_daily_deaths": 0.005587130921109844,
        "average_viral_load": 0.7102483903329837,
        "total_infected": 1.8026850076338565e-34,
        "peak_infected": 0.37861830375879146,
        "total_recovered": 5.530965908089475,
        "total_vaccinated": 93.436171602931,
        "infection_fatality_ratio": 15.73457666429314,
        "time_to_peak_deaths": 60.18018018018018,
        "average_time_to_death": 15.09009009009009,
        "mortality_rate_per_100k": 1032.7772174259164
    }
}